Nombre,Edad,Género,Ciudad,Correo electrónico
Juan Perez,25,Masculino,Ciudad de México,juan@example.com
María López,30,Femenino,Buenos Aires,maria@example.com
Pedro García,35,Masculino,Madrid,pedro@example.com
Juan Perez,25,Masculino,Ciudad de México,juan@example.com
María López,30,Femenino,Buenos Aires,maria@example.com
Pedro García,35,Masculino,Madrid,pedro@example.com
Juan Perez,25,Masculino,Ciudad de México,juan@example.com
María López,30,Femenino,Buenos Aires,maria@example.com
Pedro García,35,Masculino,Madrid,pedro@example.com
Juan Perez,25,Masculino,Ciudad de México,juan@example.com
María López,30,Femenino,Buenos Aires,maria@example.com
Pedro García,35,Masculino,Madrid,pedro@example.com
Juan Perez,25,Masculino,Ciudad de México,juan@example.com
María López,30,Femenino,Buenos Aires,maria@example.com
Pedro García,35,Masculino,Madrid,pedro@example.com
Juan Perez,25,Masculino,Ciudad de México,juan@example.com
María López,30,Femenino,Buenos Aires,maria@example.com
Pedro García,35,Masculino,Madrid,pedro@example.com
Juan Perez,25,Masculino,Ciudad de México,juan@example.com
María López,30,Femenino,Buenos Aires,maria@example.com
Pedro García,35,Masculino,Madrid,pedro@example.com
